S.No.,Name,Time
1,Osama,4.321138143539429
2,Osama,4.7646589279174805
3,Osama,4.95203423500061
4,Osama,5.233104705810547
5,Osama,5.372638463973999
6,Osama,5.796236515045166
7,Osama,6.128972053527832
8,Osama,6.2246479988098145
